Name,State
DELHI,DELHI
DELHI,DELHI
DELHI,DELHI
DELHI,DELHI
MAPUSA,GOA
RATNAGIRI,GOA
Pune,GOA
SURAT,GUJRAT
VALSAD,GUJRAT
VAPI,GUJRAT
SURAT,GUJRAT
JAMNAGAR,GUJRAT
SURENDRANAGAR,GUJRAT
GANDHIDHAM,GUJRAT
RAJKOT,GUJRAT
BHUJ (KUTCH),GUJRAT
HALOL,GUJRAT
VADODARA,GUJRAT
HIMATNAGAR,GUJRAT
RAJPIPLA,GUJRAT
DEESA,GUJRAT
BHAVNAGAR,GUJRAT
JAMNAGAR,GUJRAT
VALSAD,GUJRAT
VAPI,GUJRAT
SURAT,GUJRAT
BUHARI,GUJRAT
AHMEDABAD,GUJRAT
JUNAGADH,GUJRAT
AHMEDABAD,GUJRAT
BAVALA,GUJRAT
CHANGODAR,GUJRAT
NARNAUL,HARYANA
GURGAON,HARYANA
CHARKHIDADRI,HARYANA
"FERROZEPUR,JHIRKA",HARYANA
REWARI,HARYANA
SIRSA,HARYANA
ROHTAK,HARYANA
KARNAL,HARYANA
SONIPAT,HARYANA
BAHADURGARH,HARYANA
HISSAR,HARYANA
JIND,HARYANA
KAITHAL,HARYANA
AMBALA,HARYANA
BHADRA,HARYANA
KANGRA,HIMACHAL PRADESH
BAURIA,HIMACHAL PRADESH
MANDI,HIMACHAL PRADESH
AMB,HIMACHAL PRADESH
JWALAJI,HIMACHAL PRADESH
SHAMSHI KULLU,HIMACHAL PRADESH
JAHU,HIMACHAL PRADESH
KANGRA,HIMACHAL PRADESH
JASSUR,HIMACHAL PRADESH
SONAWARI BANDIPORA,J & K
SRINAGAR,J & K
ANANTNAG,J & K
SRINAGAR,J & K
HAZARIBAG,JHARKHAND
GIRIDIH,JHARKHAND
GARHWA,JHARKHAND
DALTONGANJ,JHARKHAND
JHUMRI TELAIYA,JHARKHAND
CHAS,JHARKHAND
RANCHI,JHARKHAND
RANCHI,JHARKHAND
RANCHI,JHARKHAND
RANCHI,JHARKHAND
MOKAMA,JHARKHAND
HAZIPUR,JHARKHAND
RANCHI,JHARKHAND
RANCHI,JHARKHAND
RANCHI,JHARKHAND
RANCHI,JHARKHAND
GUMLA,JHARKHAND
JEHANABAD,JHARKHAND
RANCHI,JHARKHAND
LATEHAR,JHARKHAND
HAJIPUR,JHARKHAND
RANCHI,JHARKHAND
MIHIJAM,JHARKHAND
MANDYA,KARNATAKA
MYSORE,KARNATAKA
BANGALORE,KARNATAKA
COORG/KODAGU,KARNATAKA
CHITRADURGA,KARNATAKA
SHIVAMOGGA,KARNATAKA
MYSORE,KARNATAKA
HOSKOTE,KARNATAKA
SHIVAMOGGA,KARNATAKA
BANGALORE,KARNATAKA
BELGAUM,KARNATAKA
BANGALORE URBAN,KARNATAKA
BANGALORE,KARNATAKA
SHIVAMOGGA,KARNATAKA
BANGALORE,KARNATAKA
TUMKUR,KARNATAKA
BELGAUM,KARNATAKA
BANGALORE URBAN,KARNATAKA
CHITRADURGA,KARNATAKA
MANGALORE,KARNATAKA
KUMTA,KARNATAKA
VIJAYAPURA,KARNATAKA
HUBLI,KARNATAKA
BELGAUM,KARNATAKA
KANNUR,KERALA
CALICUT,KERALA
KANNUR,KERALA
KOLLAM,KERALA
TRIVANDRUM,KERALA
THIRUVANANTHAPURAM,KERALA
KOCHI,KERALA
KOLLAM,KERALA
MALAPURAM,KERALA
DEWAS,M.P- MALWA-NIMAD
INDORE,M.P- MALWA-NIMAD
INDORE,M.P- MALWA-NIMAD
MHOW,M.P- MALWA-NIMAD
INDORE,M.P- MALWA-NIMAD
BURHANPUR,M.P- MALWA-NIMAD
INDORE,M.P- MALWA-NIMAD
INDORE,M.P- MALWA-NIMAD
RATLAM,M.P- MALWA-NIMAD
INDORE,M.P- MALWA-NIMAD
INDORE,M.P- MALWA-NIMAD
UJJAIN,M.P- MALWA-NIMAD
KHANDWA,M.P- MALWA-NIMAD
SHAMGARH,M.P- MALWA-NIMAD
INDORE,M.P- MALWA-NIMAD
NEEMUCH,M.P- MALWA-NIMAD
MANDSAUR,M.P- MALWA-NIMAD
INDORE,M.P- MALWA-NIMAD
INDORE,M.P- MALWA-NIMAD
RATLAM,M.P- MALWA-NIMAD
REWA,MADHYA PRDESH
REWA,MADHYA PRDESH
JABALPUR,MADHYA PRDESH
CHHINDWARA,MADHYA PRDESH
REWA,MADHYA PRDESH
TIKAMGARH,MADHYA PRDESH
CHHATARPUR,MADHYA PRDESH
GWALIOR,MADHYA PRDESH
GWALIOR,MADHYA PRDESH
BHIND,MADHYA PRDESH
GWALIOR,MADHYA PRDESH
GWALIOR,MADHYA PRDESH
BALAGHAT,MADHYA PRDESH
KATNI,MADHYA PRDESH
SATNA,MADHYA PRDESH
CHAKGHAT,MADHYA PRDESH
KATNI,MADHYA PRDESH
REWA,MADHYA PRDESH
MANDLA,MADHYA PRDESH
KATNI,MADHYA PRDESH
BEOHARI,MADHYA PRDESH
KATNI,MADHYA PRDESH
JABALPUR,MADHYA PRDESH
BALAGHAT,MADHYA PRDESH
BEOHARI,MADHYA PRDESH
JABALPUR,MADHYA PRDESH
JABALPUR,MADHYA PRDESH
KATNI,MADHYA PRDESH
BETUL,MADHYA PRDESH
CHHINDWARA,MADHYA PRDESH
BHOPAL,MADHYA PRDESH
BHOPAL,MADHYA PRDESH
BEOHARI,MADHYA PRDESH
CHHINDWARA,MADHYA PRDESH
HOSHANGABAD,MADHYA PRDESH
JABALPUR,MADHYA PRDESH
BHOPAL,MADHYA PRDESH
SAGAR,MADHYA PRDESH
GUNA,MADHYA PRDESH
BHOPAL,MADHYA PRDESH
SHIVPURI,MADHYA PRDESH
GWALIOR,MADHYA PRDESH
LALITPUR,MADHYA PRDESH
JABALPUR,MADHYA PRDESH
JHANSI,MADHYA PRDESH
GWALIOR,MADHYA PRDESH
KARAD,MAHARASTRA
Pune,MAHARASTRA
THANE,MAHARASTRA
KOLHAPUR,MAHARASTRA
SANGLI,MAHARASTRA
THANE,MAHARASTRA
MUMBAI,MAHARASTRA
THANE,MAHARASTRA
MUMBAI,MAHARASTRA
DOMBIVALI (E),MAHARASTRA
DOMBIVALI (E),MAHARASTRA
THANE,MAHARASTRA
MUMBAI,MAHARASTRA
THANE,MAHARASTRA
Pune,MAHARASTRA
MAHAD,MAHARASTRA
THANE,MAHARASTRA
MUMBAI,MAHARASTRA
THANE,MAHARASTRA
MUMBAI,MAHARASTRA
SOLAPUR,MAHARASTRA
KOLHAPUR,MAHARASTRA
SOLAPUR,MAHARASTRA
Pune,MAHARASTRA
THANE,MAHARASTRA
MUMBAI,MAHARASTRA
Pune,MAHARASTRA
MUMBAI,MAHARASTRA
SHIRUR,MAHARASTRA
MUMBAI,MAHARASTRA
Pune,MAHARASTRA
BARAMATI,MAHARASTRA
Pune,MAHARASTRA
Pune,MAHARASTRA
JHARSUGUDA,ORISSA
BARIPADA,ORISSA
BHADRAK,ORISSA
DHENKANAL,ORISSA
CUTTACK,ORISSA
KESINGA,ORISSA
JEYPORE,ORISSA
ROURKELA,ORISSA
ROURKELA,ORISSA
BARGARH,ORISSA
BALANGIR,ORISSA
KANTABANJI,ORISSA
BOLANGIR,ORISSA
KEONJHAR,ORISSA
MALKANGIRI,ORISSA
BHUBENSWAR,ORISSA
PURI,ORISSA
BAGHAMARI,ORISSA
GANJAM,ORISSA
ANGUL,ORISSA
BHUBANESWAR,ORISSA
CUTTACK,ORISSA
JEYPORE,ORISSA
BHUBANESWAR,ORISSA
JAJPUR,ORISSA
BALASORE,ORISSA
AMRITSAR,PUNJAB
JALANDHAR,PUNJAB
MOHALI,PUNJAB
FARIDKOT,PUNJAB
BHATINDA,PUNJAB
LUDHIANA,PUNJAB
LUDHIANA,PUNJAB
NANGALDAM,PUNJAB
GHUMARWIN,PUNJAB
PATIALA,PUNJAB
DHURI,PUNJAB
BILASPUR,PUNJAB
SHIMLA,PUNJAB
CHANDIGARH,PUNJAB
PATIALA,PUNJAB
HOSHIARPUR,PUNJAB
LUDHIANA,PUNJAB
ZIRA,PUNJAB
RAJPURA TOWN,PUNJAB
JALLANDHAR CITY,PUNJAB
KOTPUTLI,RAJASTHAN
KUCHAMAN CITY,RAJASTHAN
ALWAR,RAJASTHAN
DAUSA,RAJASTHAN
NEEM KA THANA,RAJASTHAN
JAIPUR,RAJASTHAN
KHAIRTHAL,RAJASTHAN
JAIPUR,RAJASTHAN
AJMER,RAJASTHAN
BHARATPUR,RAJASTHAN
BHARATPUR,RAJASTHAN
SANGANER-JAIPUR,RAJASTHAN
SIKAR,RAJASTHAN
PRATAPGARH,RAJASTHAN
NIMBAHARA,RAJASTHAN
SAGWARA,RAJASTHAN
UDAIPUR,RAJASTHAN
SAWAIMADHOPUR,RAJASTHAN
BARAN,RAJASTHAN
HINDONCITY,RAJASTHAN
KOTA,RAJASTHAN
CHAUMAHALA,RAJASTHAN
GANGAPUR CITY,RAJASTHAN
CHITTORGARH,RAJASTHAN
KUCHAMANCITY,RAJASTHAN
PALI,RAJASTHAN
BEAWAR,RAJASTHAN
SURAT,RAJASTHAN
AJMER,RAJASTHAN
BHILWARA,RAJASTHAN
KANKAROLI,RAJASTHAN
DUNGARPUR,RAJASTHAN
UDAIPUR,RAJASTHAN
BHILWARA,RAJASTHAN
CHITTORGARH,RAJASTHAN
JHUNJHUNU,RAJASTHAN
NOHAR,RAJASTHAN
JAIPUR,RAJASTHAN
JAIPUR,RAJASTHAN
DAUSA,RAJASTHAN
JAIPUR,RAJASTHAN
BARMER,RAJASTHAN
JAIPUR,RAJASTHAN
SIKAR,RAJASTHAN
SURATGARH,RAJASTHAN
SANCHORE,RAJASTHAN
SARDARSHAHAR,RAJASTHAN
SHAHPURA,RAJASTHAN
BHIWADI,RAJASTHAN
NEEM KA THANA,RAJASTHAN
ALWAR,RAJASTHAN
SRI MADHOPUR,RAJASTHAN
BADHAL,RAJASTHAN
SUJANGARH,RAJASTHAN
SURATGARH,RAJASTHAN
SANCHORE,RAJASTHAN
SHEOGANJ,RAJASTHAN
JAISALMER,RAJASTHAN
JODHPUR,RAJASTHAN
SANCHORE,RAJASTHAN
BALOTRA,RAJASTHAN
TIRUNELVELI TOWN,TAMILNADU
NAGERCOIL,TAMILNADU
MADURAI,TAMILNADU
CUMBUM,TAMILNADU
MADURAI,TAMILNADU
THOLUDUR,TAMILNADU
COIMBATORE,TAMILNADU
ERODE,TAMILNADU
THOLUDUR,TAMILNADU
CHENNAI,TAMILNADU
WALAJABAD,TAMILNADU
SALEM,TAMILNADU
HYDERABAD,TELANGANA
VIJAYAWADA,TELANGANA
KARIMNAGAR,TELANGANA
MAHABOOB NAGAR,TELANGANA
NIZAMABAD,TELANGANA
HYDERBAD,TELANGANA
MANCHERIAL,TELANGANA
SECUNDERABAD,TELANGANA
SECUNDERABAD,TELANGANA
RAJAHMUNDRY,TELANGANA
ELURU,TELANGANA
ONGOLE,TELANGANA
RAJAHMUNDRY,TELANGANA
VISAKHAPATNAM,TELANGANA
SRIKAKULAM,TELANGANA
VISAKHAPATNAM,TELANGANA
HYDERABAD,TELANGANA
SIDDIPET,TELANGANA
VARANASI,U.P-EASTERN
AZAMGARH,U.P-EASTERN
DUDHI,U.P-EASTERN
PADRAUNA,U.P-EASTERN
SISWA BAZAR,U.P-EASTERN
GORAKHPUR,U.P-EASTERN
GORAKHPUR,U.P-EASTERN
BALIA,U.P-EASTERN
GORAKHPUR,U.P-EASTERN
KARWI,U.P-EASTERN
ALLAHABAD,U.P-EASTERN
PRATAPGARH,U.P-EASTERN
SHANKERGARH,U.P-EASTERN
MUGHALSARAI,U.P-EASTERN
VARANASI,U.P-EASTERN
GHAZIPUR,U.P-EASTERN
MIRZAPUR,U.P-EASTERN
LAKHIMPUR,U.P-EASTERN
PALIA KALAN,U.P-EASTERN
BARABANKI,U.P-EASTERN
LUCKNOW,U.P-EASTERN
GONDA,U.P-EASTERN
ORAI,U.P-EASTERN
BALRAMPUR,U.P-EASTERN
KANPUR,U.P-EASTERN
MAHOBA,U.P-EASTERN
LUCKNOW,U.P-EASTERN
FATEHPUR,U.P-EASTERN
BANDA,U.P-EASTERN
FAIZABAD,U.P-EASTERN
BALRAMPUR,U.P-EASTERN
BASTI,U.P-EASTERN
AMBEDKAR NAGAR,U.P-EASTERN
AGRA,U.P-WESTERN
SHIKOHABAD,U.P-WESTERN
JEWAR,U.P-WESTERN
SADABAD,U.P-WESTERN
SADABAD,U.P-WESTERN
ALIGARH,U.P-WESTERN
IGLAS,U.P-WESTERN
HATHRAS,U.P-WESTERN
BADAUN,U.P-WESTERN
BAREILLY,U.P-WESTERN
DHAMPUR,U.P-WESTERN
HALDWANI,U.P-WESTERN
SHAHJAHANPUR,U.P-WESTERN
KHATIMA,U.P-WESTERN
PILEEBHEET,U.P-WESTERN
BILASPUR,U.P-WESTERN
ETAH,U.P-WESTERN
DIBAI,U.P-WESTERN
ALIGARH,U.P-WESTERN
ETAWAH,U.P-WESTERN
KANNAUJ,U.P-WESTERN
DIBIYAPUR,U.P-WESTERN
ALIGARH,U.P-WESTERN
BAHJOI,U.P-WESTERN
AURAIYYA,U.P-WESTERN
ETAWAH,U.P-WESTERN
GAJRAULA,U.P-WESTERN
HAPUR,U.P-WESTERN
MEERUT,U.P-WESTERN
MUJAFFARNAGAR,U.P-WESTERN
GHAZIABAD,U.P-WESTERN
MUZAFFARNAGAR,U.P-WESTERN
MODINAGAR,U.P-WESTERN
SIKANDRABAD,U.P-WESTERN
MAINPURI,U.P-WESTERN
FIROZABAD,U.P-WESTERN
KAIMGANJ,U.P-WESTERN
MATHURA,U.P-WESTERN
BARAUT,U.P-WESTERN
BULANDSHAHAR,U.P-WESTERN
SAHARANPUR,U.P-WESTERN
SAHARANPUR,U.P-WESTERN
BARAUT,U.P-WESTERN
DEHRADUN,U.P-WESTERN
RISHIKESH,U.P-WESTERN
SHAMLI,U.P-WESTERN
MALKAPUR,VIDHARAVA
NAGPUR,VIDHARAVA
AMRAVATI,VIDHARAVA
NASHIK,VIDHARAVA
LATUR,VIDHARAVA
SOLAPUR,VIDHARAVA
WADSA,VIDHARAVA
AURANGABAD,VIDHARAVA
NASHIK,VIDHARAVA
AURANGABAD,VIDHARAVA
WARDHA,VIDHARAVA
CHANDRAPUR,VIDHARAVA
THANE,VIDHARAVA
NAGPUR,VIDHARAVA
JALGAON,VIDHARAVA
CHANDRAPUR,VIDHARAVA
JALGAON,VIDHARAVA
VANI,VIDHARAVA
GONDIA,VIDHARAVA
NANDURA,VIDHARAVA
NAGPUR,VIDHARAVA
AMRAVATI,VIDHARAVA
MALEGAON,VIDHARAVA
SANGAMNER,VIDHARAVA
PARLI,VIDHARAVA
AMRAVATI,VIDHARAVA
AHMEDNAGAR,VIDHARAVA
NASHIK,VIDHARAVA
BEED,VIDHARAVA
NAGPUR,VIDHARAVA
DHULIA,VIDHARAVA
NAGPUR,VIDHARAVA
AURANGABAD,VIDHARAVA
WASHIM,VIDHARAVA
AHMEDNAGAR,VIDHARAVA
LATUR,VIDHARAVA
YEOTMAL,VIDHARAVA
NAGPUR,VIDHARAVA
DHULIA,VIDHARAVA
JALGAON,VIDHARAVA
NAGPUR,VIDHARAVA
BHIM CHOWK,WEST BENGAL
24 PARGANAS (N),WEST BENGAL
24.PARGANAS (SOUTH),WEST BENGAL
KOLKATA,WEST BENGAL
24 PGS.(SOUTH),WEST BENGAL
BISHNUPUR,WEST BENGAL
BANKURA,WEST BENGAL
DHULIYAN,WEST BENGAL
MURSHIDABAD,WEST BENGAL
MALDA,WEST BENGAL
RAIGANJ,WEST BENGAL
MALDA,WEST BENGAL
MURSHIDABAD,WEST BENGAL
D.DINAJPUR,WEST BENGAL
ISLAMPUR,WEST BENGAL
COOCH BEHAR,WEST BENGAL
SILIGURI,WEST BENGAL
RAIGANJ,WEST BENGAL
SILIGURI,WEST BENGAL
JALPAIGURI,WEST BENGAL
BARUIPUR,WEST BENGAL
BAURIA,WEST BENGAL
UDAYNARAYANPUR,WEST BENGAL
GHATAL,WEST BENGAL
KOLKATA,WEST BENGAL
KOLKATA,WEST BENGAL
MIDNAPUR EAST,WEST BENGAL
KOLKATA,WEST BENGAL
KALNA,WEST BENGAL
CHAMPADANGA,WEST BENGAL
MIDNAPUR (WEST),WEST BENGAL
BAGNAN,WEST BENGAL
KONNAGAR,WEST BENGAL
HOWRAH,WEST BENGAL
PANDUA,WEST BENGAL
BURDWAN,WEST BENGAL
BENACHETTY,WEST BENGAL
NADIA,WEST BENGAL
WEST MIDNAPUR,WEST BENGAL
KOLKATA,WEST BENGAL
KANDI,WEST BENGAL
KOLKATA,WEST BENGAL
KANKINARA,WEST BENGAL
KOLKATA,WEST BENGAL
MOLLARPUR,WEST BENGAL
KANKINARA,WEST BENGAL
SEURI,WEST BENGAL
KOLKATA,WEST BENGAL
